origID,age,gender,gender_text,bilingual,bilingual_text,group,control,dyslexia,adhd,asd,asrs_total,roar_acc,roar_logRt,total_tooFast,total_tooSlow,perc_tooFast,perc_tooSlow,roar_exclude_rt,mw_freq
10012318,18,Woman,NA,No,NA,control,1,0,0,0,22,0.9642857142857144,5.60859585196975,0,3,0,3.571428571428571,0,35.714285714285715
10014563,20,Woman,NA,Yes. My strongest language is:,english,control,1,0,0,0,19,0.9523809523809524,5.871126047411483,0,3,0,3.571428571428571,0,0
10015335,18,Woman,NA,No,NA,control,1,0,0,0,19,0.9642857142857144,5.6029732781296815,0,0,0,0,0,42.857142857142854
10015908,19,Woman,NA,No,NA,control,1,0,0,0,11,0.9761904761904762,5.652638086379936,2,0,2.380952380952381,0,0,61.53846153846154
10015992,18,Woman,NA,No,NA,asd,0,0,0,1,19,0.9761904761904762,5.456815773533107,4,0,4.761904761904762,0,0,53.84615384615385
10017182,18,Woman,NA,No,NA,control,1,0,0,0,21,0.9404761904761904,5.856615466292637,4,0,4.761904761904762,0,0,30.76923076923077
10017343,19,Woman,NA,No,NA,control,1,0,0,0,24,0.9523809523809524,5.436716127243922,7,0,8.333333333333332,0,0,21.428571428571427
10017506,18,Woman,NA,Yes. My strongest language is:,english,dyslexia,0,1,0,0,23,0.9285714285714286,5.8345948114242185,1,0,1.1904761904761905,0,0,42.857142857142854
10017510,18,Man,NA,No,NA,control,1,0,0,0,18,0.9761904761904762,6.005789178343778,0,0,0,0,0,30.76923076923077
10018275,18,Woman,NA,No,NA,control,1,0,0,0,12,0.9285714285714286,6.11915611947311,3,0,3.571428571428571,0,0,21.428571428571427
10018781,18,Woman,NA,No,NA,control,1,0,0,0,22,0.9761904761904762,6.0527297616851,0,0,0,0,0,50
10019141,19,Woman,NA,No,NA,control,1,0,0,0,11,0.988095238095238,5.7754434104480135,0,0,0,0,0,15.384615384615383
10022287,19,Woman,NA,No,NA,control,1,0,0,0,17,0.9642857142857144,5.4422824737933935,24,0,28.57142857142857,0,2,28.57142857142857
10022667,19,Woman,NA,No,NA,control,1,0,0,0,19,0.8928571428571429,5.4805304292533545,2,0,2.380952380952381,0,0,0
10032283,18,Woman,NA,No,NA,control,1,0,0,0,13,0.8690476190476191,5.894994330816188,10,0,11.904761904761903,0,2,35.714285714285715
10034239,18,Woman,NA,Yes. My strongest language is:,english,control,1,0,0,0,22,0.9404761904761904,5.6338191773193955,2,0,2.380952380952381,0,0,15.384615384615383
10035810,18,Woman,NA,Yes. My strongest language is:,english,control,1,0,0,0,26,0.8571428571428571,5.892149518644266,8,0,9.523809523809524,0,0,46.15384615384615
10031076,19,Woman,NA,Yes. My strongest language is:,Cantonese,adhd,0,0,1,0,29,0.8809523809523809,5.485442298690247,3,0,3.571428571428571,0,0,78.57142857142857
10036010,19,Woman,NA,Yes. My strongest language is:,english,control,1,0,0,0,17,0.9166666666666666,5.658375688307105,2,0,2.380952380952381,0,0,28.57142857142857
10036128,18,Woman,NA,No,NA,control,1,0,0,0,23,0.9166666666666666,5.856508456625477,4,0,4.761904761904762,0,0,50
10036163,18,Woman,NA,No,NA,control,1,0,0,0,14,0.8571428571428571,5.432528025032896,25,0,29.761904761904763,0,2,30.76923076923077
10037472,18,Other (please specify),Genderfluid,Yes. My strongest language is:,english,control,1,0,0,0,14,0.9047619047619048,5.626097081480718,4,0,4.761904761904762,0,0,23.076923076923077
10040847,20,Man,NA,Yes. My strongest language is:,Urdu,control,1,0,0,0,17,0.9642857142857144,5.61834632354002,0,0,0,0,0,35.714285714285715
10041411,18,Woman,NA,No,NA,adhd,0,0,1,0,26,0.9642857142857144,5.397531291762159,7,0,8.333333333333332,0,0,76.92307692307693
10041619,20,Woman,NA,No,NA,asd,0,0,0,1,27,0.9642857142857144,5.765341222971612,0,0,0,0,0,35.714285714285715
10041696,18,Man,NA,No,NA,control,1,0,0,0,20,0.9642857142857144,6.331507085425591,0,0,0,0,0,30.76923076923077
10046029,19,Woman,NA,No,NA,control,1,0,0,0,13,0.9285714285714286,5.458872478536301,2,0,2.380952380952381,0,0,0
10053358,18,Woman,NA,No,NA,control,1,0,0,0,12,0.8928571428571429,5.65654079373632,1,0,1.1904761904761905,0,0,71.42857142857143
10054018,20,Woman,NA,No,NA,asd,0,0,0,1,21,0.9166666666666666,5.454672727296708,15,0,17.857142857142858,0,2,42.857142857142854
10057183,18,Woman,NA,No,NA,control,1,0,0,0,15,0.9285714285714286,5.348666007374188,9,0,10.714285714285714,0,2,30.76923076923077
10058829,20,Woman,NA,Yes. My strongest language is:,english,control,1,0,0,0,18,0.8928571428571429,5.738383472022741,14,0,16.666666666666664,0,2,50
10060293,18,Woman,NA,No,NA,control,1,0,0,0,15,0.9166666666666666,5.719949552856749,7,0,8.333333333333332,0,0,38.46153846153847
10060775,19,Woman,NA,No,NA,control,1,0,0,0,23,0.9404761904761904,6.017914650586491,0,0,0,0,0,50
10062668,18,Woman,NA,No,NA,control,1,0,0,0,12,0.9523809523809524,5.64200340351593,6,0,7.142857142857142,0,0,23.076923076923077
10069166,19,Woman,NA,Yes. My strongest language is:,english,control,1,0,0,0,13,0.9642857142857144,5.4710061973184425,2,0,2.380952380952381,0,0,14.285714285714285
10078983,19,Woman,NA,No,NA,control,1,0,0,0,22,0.9523809523809524,5.291936423126793,12,0,14.285714285714285,0,2,15.384615384615383
10080317,19,Woman,NA,Yes. My strongest language is:,english,control,1,0,0,0,19,0.9047619047619048,5.656576447662068,5,0,5.952380952380952,0,0,46.15384615384615
10081224,18,Woman,NA,No,NA,control,1,0,0,0,26,0.9404761904761904,5.829572399689476,0,0,0,0,0,64.28571428571429
10085882,19,Woman,NA,No,NA,control,1,0,0,0,15,0.8690476190476191,5.783838166209386,1,0,1.1904761904761905,0,0,23.076923076923077
10090977,18,Woman,NA,No,NA,control,1,0,0,0,19,0.9285714285714286,5.6738987191076715,7,0,8.333333333333332,0,0,50
10091442,19,Woman,NA,No,NA,control,1,0,0,0,16,0.9404761904761904,5.930028310081991,0,0,0,0,0,21.428571428571427
10098034,19,Woman,NA,No,NA,control,1,0,0,0,22,0.988095238095238,5.631392392252245,7,0,8.333333333333332,0,0,15.384615384615383
10101878,20,Woman,NA,No,NA,control,1,0,0,0,22,0.9404761904761904,5.6742452345699,0,0,0,0,0,7.6923076923076925
10102711,18,Woman,NA,No,NA,multiple,0,1,1,0,28,0.7857142857142857,5.9561761978318275,4,0,4.761904761904762,0,0,84.61538461538461
10105696,18,Man,NA,Yes. My strongest language is:,english,asd,0,0,0,1,19,0.9523809523809524,5.799450733884876,2,0,2.380952380952381,0,0,7.6923076923076925
10111036,19,Other (please specify),Non-binary,No,NA,control,1,0,0,0,20,0.9047619047619048,5.381655406515962,13,0,15.476190476190476,0,2,42.857142857142854
10114510,19,Prefer not to say,NA,Yes. My strongest language is:,english,control,1,0,0,0,24,0.9523809523809524,6.102371895044073,0,0,0,0,0,28.57142857142857
10122239,18,Woman,NA,No,NA,control,1,0,0,0,14,0.9285714285714286,5.754871720496452,0,0,0,0,0,53.84615384615385
10124858,18,Prefer not to say,NA,No,NA,asd,0,0,0,1,24,0.9047619047619048,5.224849614953088,13,0,15.476190476190476,0,2,71.42857142857143
10132722,18,Woman,NA,No,NA,asd,0,0,0,1,21,0.8809523809523809,5.897290863400956,5,0,5.952380952380952,0,0,53.84615384615385
10153970,19,Woman,NA,No,NA,control,1,0,0,0,21,0.9404761904761904,5.66349346386089,6,0,7.142857142857142,0,0,84.61538461538461
10224591,38,Man,NA,No,NA,multiple,0,0,1,1,26,0.8571428571428571,6.130036286983296,2,0,2.380952380952381,0,0,71.42857142857143
10225087,18,Woman,NA,No,NA,control,1,0,0,0,19,0.988095238095238,5.7678384728378385,0,0,0,0,0,30.76923076923077
10266512,19,Man,NA,No,NA,control,1,0,0,0,10,0.988095238095238,6.029582243633401,0,0,0,0,0,0
10124650,18,Man,NA,No,NA,control,1,0,0,0,23,0.9642857142857144,5.701997680226229,2,0,2.380952380952381,0,0,61.53846153846154
10124618,20,Woman,NA,No,NA,control,1,0,0,0,21,0.9523809523809524,5.688294408900003,5,0,5.952380952380952,0,0,28.57142857142857
10121995,18,Woman,NA,No,NA,control,1,0,0,0,19,0.9642857142857144,6.020118186068479,0,0,0,0,0,53.84615384615385
10276472,18,Woman,NA,Yes. My strongest language is:,english,control,1,0,0,0,21,0.9523809523809524,5.482270959134782,2,0,2.380952380952381,0,0,23.076923076923077
10243319,18,Man,NA,No,NA,adhd,0,0,1,0,22,0.9642857142857144,5.312680420671316,9,0,10.714285714285714,0,2,15.384615384615383
10216339,20,Woman,NA,No,NA,control,1,0,0,0,17,0.9285714285714286,5.4885336753252645,3,0,3.571428571428571,0,0,42.857142857142854
10211803,18,Woman,NA,No,NA,control,1,0,0,0,27,0.988095238095238,5.786439585479711,2,0,2.380952380952381,0,0,0
10205713,18,Woman,NA,No,NA,control,1,0,0,0,18,0.9285714285714286,5.644439236208922,4,0,4.761904761904762,0,0,61.53846153846154
10182962,18,Woman,NA,No,NA,control,1,0,0,0,17,0.9404761904761904,5.72171109584896,4,0,4.761904761904762,0,0,23.076923076923077
10168138,18,Woman,NA,Yes. My strongest language is:,english,control,1,0,0,0,18,0.9642857142857144,5.759309993246503,2,0,2.380952380952381,0,0,14.285714285714285
10164423,19,Woman,NA,No,NA,control,1,0,0,0,19,0.9166666666666666,5.356687355208921,14,0,16.666666666666664,0,2,21.428571428571427
10163615,19,Prefer not to say,NA,No,NA,asd,0,0,0,1,26,0.9642857142857144,5.284466001268993,25,0,29.761904761904763,0,2,15.384615384615383
10158586,19,Woman,NA,No,NA,dyslexia,0,1,0,0,21,0.9761904761904762,6.032231261367911,0,0,0,0,0,50
10152762,18,Woman,NA,No,NA,control,1,0,0,0,15,0.9285714285714286,5.349162592780199,12,0,14.285714285714285,0,2,0
10152098,21,Woman,NA,Yes. My strongest language is:,Malay,control,1,0,0,0,17,0.9523809523809524,6.0168981506750425,0,0,0,0,0,42.857142857142854
10145219,19,Woman,NA,No,NA,dyslexia,0,1,0,0,20,0.8809523809523809,6.439734552341895,0,0,0,0,0,61.53846153846154
10126674,19,Woman,NA,No,NA,control,1,0,0,0,19,0.988095238095238,5.835309005588963,0,0,0,0,0,21.428571428571427
10126244,18,Woman,NA,No,NA,multiple,0,1,1,0,26,0.8928571428571429,5.917120216853565,2,0,2.380952380952381,0,0,84.61538461538461
10115740,18,Man,NA,No,NA,control,1,0,0,0,13,0.9404761904761904,6.373166900807868,0,0,0,0,0,61.53846153846154
10040343,63,Man,NA,Yes. My strongest language is:,Chinese,control,1,0,0,0,12,0.9761904761904762,6.543219668047704,0,0,0,0,0,57.14285714285714
10050955,57,Woman,NA,Yes. My strongest language is:,cantonese,control,1,0,0,0,12,0.8571428571428571,7.2286142160339795,0,0,0,0,0,0
10161313,50,Man,NA,Yes. My strongest language is:,French and English,control,1,0,0,0,17,0.8928571428571429,6.571808655240313,0,0,0,0,0,61.53846153846154
10190839,22,Woman,NA,No,NA,control,1,0,0,0,8,0.8928571428571429,5.8153762862615554,7,0,8.333333333333332,0,0,7.6923076923076925
10202447,24,Man,NA,Yes. My strongest language is:,english,adhd,0,0,1,0,30,0.9285714285714286,5.616318807011289,2,0,2.380952380952381,0,0,14.285714285714285
10221629,21,Woman,NA,No,NA,multiple,0,1,0,1,20,0.8928571428571429,5.567586009316228,4,0,4.761904761904762,0,0,53.84615384615385
10182214,58,Woman,NA,No,NA,adhd,0,0,1,0,26,0.9166666666666666,6.636570390305148,0,0,0,0,0,0
10166217,20,Woman,NA,Yes. My strongest language is:,Cantonese,control,1,0,0,0,20,0.9642857142857144,5.924470586589366,10,0,11.904761904761903,0,2,7.142857142857142
10158473,20,Man,NA,Yes. My strongest language is:,english,adhd,0,0,1,0,24,0.9404761904761904,6.227636950614741,0,0,0,0,0,28.57142857142857
10055189,20,Man,NA,Yes. My strongest language is:,Vietnamese,control,1,0,0,0,20,0.9642857142857144,6.091059443262107,0,0,0,0,0,7.6923076923076925
10054389,20,Man,NA,No,NA,control,1,0,0,0,27,0.9523809523809524,5.5055218022133054,6,0,7.142857142857142,0,0,85.71428571428571
10047113,21,Woman,NA,No,NA,control,1,0,0,0,23,0.9523809523809524,5.428119995062985,7,0,8.333333333333332,0,0,23.076923076923077
10039055,22,Woman,NA,No,NA,control,1,0,0,0,24,0.9166666666666666,6.113766863378626,0,0,0,0,0,71.42857142857143
10020157,21,Woman,NA,Yes. My strongest language is:,Hindi,control,1,0,0,0,22,0.9166666666666666,5.771622032127636,1,0,1.1904761904761905,0,0,61.53846153846154
10085587,21,Woman,NA,No,NA,control,1,0,0,0,21,0.9285714285714286,5.904582891773628,2,0,2.380952380952381,0,0,15.384615384615383
10238510,20,Woman,NA,No,NA,dyslexia,0,1,0,0,16,0.9285714285714286,5.4013540410350656,7,0,8.333333333333332,0,0,38.46153846153847
10244258,20,Woman,NA,Yes. My strongest language is:,english,control,1,0,0,0,10,0.9761904761904762,5.9632078583929,0,0,0,0,0,14.285714285714285
10249816,19,Man,NA,No,NA,asd,0,0,0,1,22,0.9523809523809524,5.237468590654883,19,0,22.61904761904762,0,2,0
10258628,22,Other (please specify),Non-Binary (AFAB),No,NA,adhd,0,0,1,0,27,0.9642857142857144,5.766577976868864,0,0,0,0,0,46.15384615384615
10260593,20,Woman,NA,No,NA,dyslexia,0,1,0,0,27,0.8809523809523809,6.203049083225345,0,0,0,0,0,78.57142857142857
10301401,59,Man,NA,No,NA,dyslexia,0,1,0,0,23,0.9523809523809524,6.805519806632602,0,0,0,0,0,0
10304759,20,Woman,NA,No,NA,control,1,0,0,0,21,0.8928571428571429,5.597586132330405,1,0,1.1904761904761905,0,0,30.76923076923077
10305389,27,Other (please specify),Non-Binary,Yes. My strongest language is:,english,control,1,0,0,0,28,0.8214285714285714,5.510591708954359,10,0,11.904761904761903,0,2,78.57142857142857
10289721,20,Woman,NA,No,NA,adhd,0,0,1,0,26,0.9285714285714286,5.392744249504793,25,0,29.761904761904763,0,2,35.714285714285715
10312025,20,Man,NA,No,NA,control,1,0,0,0,21,0.9285714285714286,5.705931464282587,2,0,2.380952380952381,0,0,42.857142857142854
